Name,Address,Price,Rating
Iphone 11 128gb Second Fullset mulus terawat,Jakarta Utara,Rp5.648.000,4.8
OPPO A16 RAM 4GB ROM 64GB & A 16 3GB 32GB GARANSI RESMI OPPO,Bekasi,Rp2.251.780,5
xiaomi redmi 4X ram 4gb asli original,Jakarta Barat,Rp669.000,4.8
Xiaomi Redmi 9c Ram 4-64 Gb Garansi resmi Tam,Jakarta Barat,Rp1.499.000,4.9
Iphone 11 Pro Max 256gb second fullset mulus terawat,Jakarta Utara,Rp7.748.000,4.8
Oppo F1s Ram 4GB Internal 32GB - New Garansi,Jakarta Pusat,Rp535.000,4.8
Nokia 105 simba garansi resmi 1 tahun,Kediri,Rp233.000,5
oppo F9 ram 6GB,Jakarta Barat,Rp999.000,4.7
Xiaomi Redmi 9A Ram 2 32GB Garansi Resmi TAM - Grey,Jakarta Barat,Rp950.000,4.9
Xiaomi Redmi 9c Ram 4GB Rom 64GB,Jakarta Timur,Rp1.499.000,5
Iphone 11 Pro 64gb second fullset mulus terawat,Jakarta Utara,Rp5.948.000,5
Samsung Galaxy A32 Ram 6 128GB Garansi Resmi SEIN - Putih,Jakarta Barat,Rp2.800.000,4.8
XIAOMI REDMI 9C RAM 4-64GB GARANSI RESMI-XIAOMI REDMI 9 C,Jakarta Timur,Rp1.485.000,4.9
Xiaomi Redmi Note 3 32Gb Grey - Garansi Distri 1 Tahun,Jakarta Pusat,Rp499.000,4.7
OPPO A54 6GB-128GB RESMI,Jakarta Timur,Rp2.699.000,5
V15 RAM 8GB ROM 256GB GARANSI TOKO 1 TAHUN,Jakarta Pusat,Rp1.350.000,4.9
NOKIA 150 - 2020 GARANSI RESMI 1 TAHUN. GANTI BARU,Kediri,Rp414.000,4.9
OPPO A3S 3-32 GB,Jakarta Barat,Rp660.000,4.8
Iphone 11 Pro Max 64gb second fullset mulus terawat,Jakarta Utara,Rp6.848.000,4.8
Iphone 11 64gb Second Fullset mulus terawat,Jakarta Utara,Rp5.098.000,5
VIVO Y71 3-32gb fullset garansi toko 1 tahun,Jakarta Pusat,Rp699.000,4.9
Samsung Galaxy A52 Ram 8 128GB Garansi Resmi SEIN - Hitam,Jakarta Barat,Rp4.100.000,4.8
Samsung A03s Ram 4-64 Gb Garansi Resmi,Jakarta Barat,Rp1.629.000,5
Apple iPhone 7 32GB Second mulus ex international usa fullset,Jakarta Pusat,Rp2.200.000,4.8
REALME 8 PRO RAM 8GB ROM 128GB GARANSI RESMI,Jakarta Timur,Rp3.499.000,5
XIAOMI REDMI 10c 4GB-128GB RESMI OffIcial,Jakarta Timur,Rp1.699.000,4.9
XIAOMI REDMI 10 RAM 6-128GB GARANSI RESMI TAM,Jakarta Timur,Rp2.139.000,5
XIAOMI REDMI 10 RAM 4-64GB GARANSI RESMI TAM,Jakarta Timur,Rp1.845.000,5
Xiaomi Redmi note 11 Garansi resmi 4/128 AMOLED,Depok,Rp2.155.000,4.6
OPPO A54 RAM 4GB  64GB GARANSI RESMI OPPO,Jakarta Barat,Rp1.751.000,4.6
OPPO A54s Ram 4/64 - 6/128GB Garansi Toko 1 Tahun,Jakarta Barat,Rp959.000,4.9
INFINIX SMART 6 3GB-64GB RESMI OffIcial,Jakarta Timur,Rp1.499.000,4.9
Samsung Galaxy J7 Prime Dual Resmi SEIN Original Fullset Muluss juragan,Depok,Rp799.000,4.7
Samsung Galaxy A13 Ram 6Gb-128Gb Garansi Resmi Samsung Indonesia SEIN - Samsung A13,Jakarta Timur,Rp2.489.000,5
OPPO A16 4GB-64GB RESMI Official,Jakarta Timur,Rp1.649.000,4.9
XIAOMI REDMI 10 RAM 6-128GB GARANSI RESMI TAM XIAOMI INDONESIA,Jakarta Timur,Rp2.125.000,5
Xiaomi Redmi 4A  2GB 16GB garansi 1 tahun,Depok,Rp421.000,4.5
redmi 2 2-16 gb,Jakarta Pusat,Rp368.000,4.8
xiaomi redmi 4x ram 3gb 32gb,Jakarta Barat,Rp559.000,4.8
REALME NARZO 50i 4GB 64GB GARANSI RESMI,Jakarta Timur,Rp1.550.000,5
OPPO A15 Ram 3GB 32GB Garansi Resmi OPPO INDONESIA,Jakarta Barat,Rp1.299.000,4.6
Iphone Xr 64gb white dual sim single on second original no minus,Jakarta Utara,Rp3.898.000,4.9
OPPO A31 4/128 GB,Jakarta Barat,Rp849.000,4.8
iPhone 5S 16GB Resmi iBox Erajaya Original Fullset,Depok,Rp875.000,4.6
Xiaomi Redmi Note 11 Ram 6Gb-128Gb Garansi Resmi TAM Snapdragon 680 50MP,Jakarta Timur,Rp2.559.000,4.9
SAMSUNG A03 CORE RAM 2GB-32GB Garansi Resmi,Jakarta Timur,Rp1.089.000,5
Xiaomi Redmi 9 Ram 4 64GB Garansi Resmi TAM - Hijau,Jakarta Barat,Rp1.600.000,4.6
VIVO Y21 RAM 4 ROM 64GB GARANSI RESMI,Jakarta Timur,Rp1.849.000,4.9
Samsung Galaxy A32 Ram 8 128GB Garansi Resmi SEIN - Hitam,Jakarta Barat,Rp2.949.000,4.6
xiaomi redmi 4A ram 2GB rom 16gb,Jakarta Barat,Rp449.000,4.9
Xiaomi Redmi 4X 2 16 GB,Jakarta Barat,Rp489.000,4.9
OPPO A92 Ram 8GB 128GB Garansi Resmi OPPO INDONESIA,Jakarta Barat,Rp2.500.000,4.4
OPPO F11 6GB-128GB FULLSET GARANSI 1 TAHUN,Jakarta Pusat,Rp1.060.000,4.9
Oppo A31 Ram 6Gb Internal 128Gb - New Garansi,Jakarta Pusat,Rp860.000,4.7
Apple iPhone X 64GB Second mulus ex international usa fullset,Jakarta Pusat,Rp3.160.000,4.5
Xiaomi Redmi 9C Ram 4 64GB Garansi Resmi TAM - Biru,Jakarta Barat,Rp1.350.000,4.7
Xiaomi Redmi 9c Ram 3-32 Gb Garansi resmi Tam,Jakarta Barat,Rp1.299.000,5
Xiaomi Redmi 5A,Jakarta Barat,Rp469.000,4.7
Xiaomi Redmi 4A 2-16 Grey Garansi Distri 1 Tahun,Jakarta Pusat,Rp430.000,4.9
SAMSUNG GALAXI A04 RAM 4GB+64GB GARANSI RESMI  SEIN BARU DAN SEGEL - SAMSUNG A04 ORIGINAL 100%,Jakarta Timur,Rp1.525.000,4.9
REALME C11 RAM 2 GB - ROM 32 GB Resmi,Jakarta Timur,Rp1.139.000,5
Xiaomi redmi 2 ram 1gb Rom 8gb,Jakarta Pusat,Rp350.000,4.9
XIAOMI REDMI 10C RAM 4-64GB GARANSI RESMI XIAOMI INDONESIA TAM - XIAOMI REDMI 10 C,Jakarta Timur,Rp1.799.700,4.9
OPPO A54 2021 4GB -64GB Resmi,Jakarta Timur,Rp2.699.000,5
Xiaomi Redmi 2 Prime 2GB RAM Versi Terbaru 4G LTE,Jakarta Selatan,Rp500.000,4.7
OPPO A54 2021 6GB -128GB Resmi,Jakarta Timur,Rp2.799.000,5
Xiaomi Redmi A2 Ram 3/32 Gb Garansi Resmi,Kediri,Rp1.090.000,5
XIAOMI REDMI 9A -RAM 3 32GB GARANSI RESMI -XIAOMI REDMI 9 A,Jakarta Timur,Rp1.249.000,5
OPPO A16 Ram 3GB 32G Garansi Resmi OPPO INDONESIA,Jakarta Barat,Rp1.364.000,4.4
Apple iPhone 11 64GB Second Mulus Ex International fullset,Jakarta Pusat,Rp5.025.000,5
Apple iPhone XS 64GB Second Mulus Ex International fullset,Jakarta Pusat,Rp3.075.000,4.8
Xiaomi Redmi Note 11 Ram 4Gb-128Gb Garansi Resmi TAM,Jakarta Timur,Rp2.299.900,5
XIAOMI REDMI NOTE 11 RAM 6/128 GB GARANSI RESMI,Kediri,Rp2.530.000,5
Samsung Galaxy A02s 3 32GB Free Soft clear cover  Earphone,Depok,Rp1.395.000,4.6
Iphone Xr 128gb white second fullset ex inter,Jakarta Utara,Rp4.198.000,4.8
VIVO Y12s Ram 3GB 32GB Garansi Resmi VIVO INDONESIA,Jakarta Barat,Rp1.250.000,4.6
Xiaomi Redmi 9A 2 32GB Garansi resmi,Depok,Rp1.052.000,4.7
OPPO A57 RAM 4GB-64GB GARANSI RESMI BARU 100% - OPPO A57,Jakarta Timur,Rp2.125.000,5
Xiaomi Redmi Note 5 Pro,Jakarta Barat,Rp899.000,4.9
Xiaomi Redmi 9A Ram 3 32GB Garansi Resmi TAM - Hijau,Jakarta Barat,Rp1.099.000,4.9
Apple iPhone 12 64GB RED,Jakarta Pusat,Rp11.990.000,4.8
VIVO Y20s Ram 8GB 128GB Garansi Resmi VIVO INDONESIA,Jakarta Barat,Rp2.000.000,4.7
OPPO A5 2020 Ram 4GB 128GB Garansi Resmi OPPO INDONESIA,Jakarta Barat,Rp1.999.000,4.5
SAMSUNG GALAXY A14 5G NFC RAM 6/128GB GARANSI RESMI SAMSUNG INDINESIA SEIN - Samsung A14 5G,Jakarta Timur,Rp2.790.210,5
Android Murah Xiaomi Redmi 4A 2GB LTE,Jakarta Selatan,Rp525.000,4.8
XIAOMI REDMI 9A RAM 3-32GB GARANSI RESMI TAM - XIAOMI REDMI 9 A,Jakarta Timur,Rp1.275.000,4.9
XIAOMI REDMI 10 RAM 4-64GB GARANSI RESMI TAM XIAOMI INDONESIA,Jakarta Timur,Rp1.859.000,4.8
Xiaomi Redmi 10A Ram 4Gb/64Gb Garansi resmi TAM - REDMI 10 A,Jakarta Timur,Rp1.529.000,5
Xiaomi Redmi 5A 32Gb Grey - garansi Distri 1 Tahun,Jakarta Pusat,Rp518.000,4.5
SAMSUNG GALAXY A04 RAM 3GB+32GB GARANSI RESMI SEIN BARU DAN SEGEL - SAMSUNG A04 100% ORIGINAL,Jakarta Timur,Rp1.375.000,5
iphone xs 64gb second mulus ex garansi internasional,Jakarta Pusat,Rp3.325.000,4.9
INFINIX HOT 12 PLAY 4+128GB (4GB+3GB) - 4/64GB NFC GARANSI RESMI 1 TAHUN,Jakarta Timur,Rp1.899.000,5
SAMSUNG GALAXY A04 RAM 4/64GB GARANSI RESMI - SAMSUNG A04 4GB+64GB,Jakarta Timur,Rp1.518.000,5
Samsung Galaxy A52 Ram 8 256GB Garansi Resmi SEIN - Hitam,Jakarta Barat,Rp4.399.000,4.6
Realme C35 - Kamera 50MP Garansi Resmi,Jakarta Timur,Rp2.399.000,5
Oppo A17 Ram 4GB/64GB Garansi Resmi,Jakarta Timur,Rp1.840.000,5
VIVO Y30 Ram 4GB 128GB Garansi resmi VIVO INDONESIA,Jakarta Barat,Rp1.899.000,4.5
Realme C35 Ram 4GB/64GB Garansi Resmi Realme C 35,Jakarta Timur,Rp2.069.000,5
VIVO Y21 RAM 4GB-INTERNAL 64GB GARANSI RESMI VIVO INDONESIA,Jakarta Timur,Rp1.829.000,5
"realme 10 , RAM 8+8GB Dynamic  ,128GB ROM - Helio G99 Chipset | 50MP Color AI Camera",Jakarta Timur,Rp2.999.000,5
Xiaomi Redmi Note 11 Pro 5G 8/128gb Garansi Resmi Super Amoled,Depok,Rp3.719.000,4.5
Xiaomi Redmi Note 12 6/128GB Garansi Resmi,Kediri,Rp2.650.000,5
Apple iPhone X 256GB Second mulus ex international usa fullset,Jakarta Pusat,Rp3.480.000,4.8
VIVO Y16 3/64 3/32 GB RAM 3GB ROM 64GB 32GB GARANSI RESMI VIVO Y 16,Bekasi,Rp1.820.000,5
Infinix Smart 5 2 32GB,Depok,Rp1.050.000,4.8
Iphone 11 128gb Black Second Fullset mulus no kendala,Jakarta Utara,Rp5.698.000,4.9
XIAOMI REDMI NOTE 11 RAM 6GB-128GB GARANSI RESMI -REDMI NOTE 11 6GB-128GB,Jakarta Timur,Rp2.568.000,5
Xiaomi Poco C40 Ram 4GB+64GB Garansi Resmi TAM - XIAOMI POCO C 40 - Setara - Xiaomi Redmi 10c,Jakarta Timur,Rp1.659.000,5
Xiaomi Note 10s 6GB 128gb,Jakarta Pusat,Rp2.250.000,5
Samsung Galaxy A13 Ram 4Gb-128Gb Garansi Resmi Samsung Indonesia SEIN -Samsung A13 Resmi,Jakarta Timur,Rp2.299.000,4.9
SAMSUNG GALAXY A04S RAM 4GB-64GB GARANSI RESMI SAMSUNG INDONESIA - SAMSUNG A04 S CAMERA 50MP BARU DAN SEGEL RESMI,Jakarta Timur,Rp1.796.000,4.9
OPPO A57 RAM 4GB/64GB GARANSI RESMI OPPO INDONESIA,Jakarta Timur,Rp2.125.000,5
Y81s  3-32gb & 3-64gb & 4-64gb 99% second mulus like new,Jakarta Pusat,Rp799.000,5
OPPO RENO 5F Ram 8GB 128GB Garansi Resmi OPPO INDONESIA,Jakarta Barat,Rp2.799.000,4.6
OPPO A54 RAM 6GB 128GB GARANSI RESMI OPPO,Jakarta Barat,Rp2.200.000,4.7
Samsung Galaxy A04 E RAM 3GB+3GB/32GB Garansi Resmi Samsung A04e,Jakarta Timur,Rp1.185.000,5
VIVO Y22 RAM 4GB/64GB Helio G85.50MP Camera GARANSI RESMI - VIVO Y22 - Penganti nya - Vivo Y21,Jakarta Timur,Rp2.039.000,4.9
Infinix Hot 20i Ram 4GB+3GB/64GB (Up To 7GB Extended Ram) Garansi Resmi Hot 20 i,Jakarta Timur,Rp1.599.000,5
Iphone 11 64gb 128Gb second Fullset mulus terawat ex inter,Jakarta Utara,Rp5.098.000,5
OPPO A76 CPH2375 6GB-128GB RESMI OffIcial,Jakarta Timur,Rp2.899.000,5
oppo a16 3gb,Tangerang,Rp1.520.000,5
Xiaomi Redmi 12C Ram 4/64Gb 50MP Al Dual Kamera Helio G85 Garansi Resmi Xiaomi Indonesia TAM - Redmi 12c,Jakarta Timur,Rp1.519.000,5
REALME C55 NFC RAM 6GB/128GB 64MP Al Camera GARANSI RESMI - Realme C55,Jakarta Timur,Rp2.279.000,5
Oppo A15s Ram 6Gb Internal 128Gb - Garansi,Jakarta Pusat,Rp925.000,4.8
VIVO Y30i Ram 4GB 64GB Garansi Resmi VIVO INDONESIA,Jakarta Barat,Rp1.799.000,4.6
REALME C55 NFC RAM 6GB+128GB GARANSI RESMI - Realme C55 64MP Al Camera,Jakarta Timur,Rp2.279.000,4.8
Iphone Xr 64gb 128gb second fullset mulus ex inter,Jakarta Utara,Rp3.898.000,5
VIVO Y22 RAM 4GB-64GB Helio G85 Camera 50MP GARANSI RESMI VIVO INDONESIA - Vivo Y22 4GB/64GB - gantinya - Vivo Y21,Jakarta Timur,Rp2.019.000,5
Oppo A31 NEW RAM 6/128GB GARANSI REAL,Jakarta Selatan,Rp2.000.000,4.9
Samsung Galaxy J5 2015 Duos RESMI SEIN Original murah Shadow Bos,Depok,Rp425.000,4.6
POCO M3 RAM 6 ROM 128 GARANSI RESMI TAM,Depok,Rp2.399.000,3.8
Oppo F1S Dual Resmi Ram 3GB Rom 32GB Original Murah Saja Bos,Depok,Rp599.000,4.8
OPPO A53 RAM 4GB  64GB GARANSI RESMI OPPO,Jakarta Barat,Rp1.810.000,4.5
Memory Vgen 4GB Class 6,Depok,Rp30.805,5
iphone 12 pro 128gb 256Gb second fullset mulus ex inter terawat,Jakarta Utara,Rp8.848.000,5
XIAOMI REDMI NOTE 11 NFC RAM 6/128 GB Garansi Resmi,Jakarta Timur,Rp2.569.000,5
XIAOMI REDMI 10C RAM 4/128 GB GARANSI RESMI,Kediri,Rp1.865.000,5
iphone 12 pro max 128gb 256gb second  fullset mulus no minus,Jakarta Utara,Rp10.248.000,5
POCO M4 PRO 6/128 8/256 - Garansi Resmi Xiaomi,Jakarta Barat,Rp2.899.000,5
Infinix Hot 20i Ram 4GB+3GB/128GB (Up To 7GB Extended Ram) Garansi Resmi Hot 20 i,Jakarta Timur,Rp1.699.000,5
OPPO RENO 4F Ram 8GB 128GB Garansi Resmi OPPO INDONESIA,Jakarta Barat,Rp2.721.510,4.5
REALME C55 NFC RAM 8GB+256GB GARANSI RESMI - Realme C55 Nfc,Jakarta Timur,Rp2.749.000,5
APPLE iPhone 12 RAM 4GB GARANSI RESMI IBOX-TAM TERMURAH,Surabaya,Rp11.218.700,5
XIAOMI REDMI NOTE 10 5G RAM 4 GB ROM 128GB GARANSI RESMI,Jakarta Utara,Rp2.395.000,5
Infinix Hot 20S Ram 8GB/128GB (Up To 13GB RAM) 8+5GB Garansi Resmi Infinix Hot 20 S,Jakarta Timur,Rp2.249.000,5
Xiaomi Redmi 10C Ram 4Gb-128Gb Snapdragon 680 Garansi Resmi TAM - Xiaomi Redmi 10 C,Jakarta Timur,Rp1.895.000,5
REALME C55 NFC RAM 8GB/256GB 64MP Al Camera GARANSI RESMI - Realme C55,Jakarta Timur,Rp2.759.000,5
OPPO A96 Ram 8GB+5GB Ext - 265GB Garansi Resmi,Jakarta Timur,Rp3.999.000,5
Xiaomi Redmi Note 4 Dual Sim LTE Ram 3GB Original Paling Murah Boss,Depok,Rp499.000,4.6
XIAOMI REDMI A1 RAM 3GB+32GB GARANSI RESMI - Redmi A1 3/32GB,Jakarta Timur,Rp1.229.000,5
